periodo,barra_de,barra_para,fluxo
1,1,2,-39.51932676241245
1,1,3,-96.99489971731442
1,1,5,-34.36822812027262
1,2,4,-38.60688431827159
1,2,6,-23.872475644140863
1,3,9,72.77329906327304
1,3,24,-192.7282319805875
1,4,9,-61.56691751827157
1,5,10,-57.32826132027266
1,6,10,-46.83250884414092
1,7,8,-22.960033199999987
1,8,9,-34.64719092569414
1,8,10,-11.272875474305858
1,9,11,-26.301799041176512
1,9,12,-20.099043539516394
1,10,11,-72.29821717018967
1,10,12,-66.09546166852957
1,11,13,-19.029131666956665
1,11,14,-102.53091774440941
1,12,13,-29.96213978858028
1,12,23,-79.19239861946568
1,13,23,-71.95130465553717
1,14,16,-125.49095094440915
1,15,16,164.9676241031643
1,15,21,62.34729571624885
1,15,24,-204.27495301941244
1,16,17,29.49283708375161
1,16,19,-12.976197124997412
1,17,18,0.7910166878986722
1,17,22,5.741787195853729
1,18,21,-22.169016512102683
1,19,20,-35.93623032499718
1,20,23,174.1037364750029
1,21,22,17.218246004146266
2,1,2,-38.44870207421923
2,1,3,-92.57215256918943
2,1,5,-33.53872105659099
2,2,4,-37.312059180131044
2,2,6,-23.2730545940882
2,3,9,68.27359105368876
2,3,24,-182.98215532287824
2,4,9,-59.448470880131026
2,5,10,-55.67513275659103
2,6,10,-45.409466294088254
2,7,8,-22.136411699999986
2,8,9,-33.27070950598098
2,8,10,-11.00211389401901
2,9,11,-25.989331695397937
2,9,12,-20.59266933702554
2,10,11,-69.80989350153526
2,10,12,-64.41323114316286
2,11,13,-19.674296439105763
2,11,14,-98.26134045782732
2,12,13,-29.186480722035267
2,12,23,-77.95583145815313
2,13,23,-70.99718886114123
2,14,16,-120.39775215782707
2,15,16,154.12344803614354
2,15,21,59.318618040979004
2,15,24,-189.57847777712186
2,16,17,29.227028759021433
2,16,19,-17.637744580705885
2,17,18,1.4052022618874176
2,17,22,5.685414797134772
2,18,21,-20.731209438113865
2,19,20,-39.774156280705654
2,20,23,171.08943201929443
2,21,22,16.450996902865224
3,1,2,-37.42135807058942
3,1,3,-89.10795181544955
3,1,5,-32.76489574396058
3,2,4,-36.22165173763025
3,2,6,-22.733712822959184
3,3,9,64.88149170486336
3,3,24,-175.52345001031296
3,4,9,-57.75565822763022
3,5,10,-54.29890223396063
3,6,10,-44.267719312959215
3,7,8,-21.534006489999985
3,8,9,-32.241078424950985
3,8,10,-10.826934555049013
3,9,11,-25.713118806107744
3,9,12,-20.936132631610306
3,10,11,-67.85227438323307
3,10,12,-63.07528820873562
3,11,13,-20.146647477671706
3,11,14,-94.95275220166901
3,12,13,-28.566587394485474
3,12,23,-76.97883993586045
3,13,23,-70.24724136215737
3,14,16,-116.48675869166875
3,15,16,145.92448085734844
3,15,21,57.06041105233925
3,15,24,-178.51889839968698
3,16,17,29.075614907661183
3,16,19,-21.171899231982422
3,17,18,1.8893043353622723
3,17,22,5.6523040822996355
3,18,21,-19.644702154638956
3,19,20,-42.70590572198218
3,20,23,168.76008778801793
3,21,22,15.88170240770036
4,1,2,-36.90578286422101
4,1,3,-86.43096207974918
4,1,5,-32.34989286602945
4,2,4,-35.49140007809741
4,2,6,-22.419898816123602
4,3,9,62.06502705147651
4,3,24,-169.50150516122574
4,4,9,-56.49691610809738
4,5,10,-53.35540889602947
4,6,10,-43.42541484612365
4,7,8,-21.005516029999985
4,8,9,-31.373875870758418
4,8,10,-10.637156189241571
4,9,11,-25.546069521037946
4,9,12,-21.265211436341556
4,10,11,-66.35217702304546
4,10,12,-62.071318938349066
4,11,13,-20.56029776951749
4,11,14,-92.34346480456583
4,12,13,-28.105759813761757
4,12,23,-76.23628659092887
4,13,23,-69.67157361327942
4,14,16,-113.3489808345656
4,15,16,139.15378604142336
4,15,21,55.147183237351584
4,15,24,-169.30648530877428
4,16,17,28.874880882648835
4,16,19,-24.075591705791936
4,17,18,2.258931276179304
4,17,22,5.610433576470219
4,18,21,-18.746584753821875
4,19,20,-45.08110773579172
4,20,23,166.91337623420839
4,21,22,15.395082453529778
5,1,2,-35.97462995279017
5,1,3,-83.95965142277427
5,1,5,-31.66751074443509
5,2,4,-34.63347100743336
5,2,6,-21.96179030535683
5,3,9,59.7842002689201
5,3,24,-164.36448305169444
5,4,9,-55.25410236743334
5,5,10,-52.28814210443513
5,6,10,-42.582421665356875
5,7,8,-20.620631359999987
5,8,9,-30.690319254494387
5,8,10,-10.5509434655056
5,9,11,-25.31597201818959
5,9,12,-21.464880694818262
5,10,11,-64.94661495933438
5,10,12,-61.09552363596305
5,11,13,-20.862618794821035
5,11,14,-90.02059954270284
5,12,13,-27.650571778662517
5,12,23,-75.53046391211882
5,13,23,-69.13382193348374
5,14,16,-110.6412309027026
5,15,16,133.61455128435733
5,15,21,53.65601634394888
5,15,24,-161.89119898830558
5,16,17,28.826509096051527
5,16,19,-26.473820074397693
5,17,18,2.6074647709778134
5,17,22,5.598412965074383
5,18,21,-18.01316658902333
5,19,20,-47.094451434397456
5,20,23,165.28491720560262
5,21,22,15.02221839492562
6,1,2,-35.77816373243087
6,1,3,-82.5790550841391
6,1,5,-31.499129163429615
6,2,4,-34.28489288604734
6,2,6,-21.82563468638356
6,3,9,58.28297904820232
6,3,24,-161.19439797234145
6,4,9,-54.617256726047316
6,5,10,-51.83149300342966
6,6,10,-42.157998526383594
6,7,8,-20.332363839999985
6,8,9,-30.225230831282424
6,8,10,-10.439496848717571
6,9,11,-25.24139454764232
6,9,12,-21.6504778014853
6,10,11,-64.17613448234384
6,10,12,-60.585217736186806
6,11,13,-21.08808283365253
6,11,14,-88.66181003633353
6,12,13,-27.417450795891497
6,12,23,-75.15060858178062
6,13,23,-68.8378974695442
6,14,16,-108.9941738763333
6,15,16,130.01423311276017
6,15,21,52.62735753489899
6,15,24,-156.97395448765852
6,16,17,28.70209782510141
6,16,19,-28.014402428675417
6,17,18,2.7969770755632517
6,17,22,5.5727569095388185
6,18,21,-17.53538676443787
6,19,20,-48.34676626867516
6,20,23,164.3208698913249
6,21,22,14.759606930461182
7,1,2,-35.66075010084761
7,1,3,-81.71739789380005
7,1,5,-31.397460805351976
7,2,4,-34.06943990253856
7,2,6,-21.742582898309056
7,3,9,57.342387195242836
7,3,24,-159.21105778904294
7,4,9,-54.22071260253855
7,5,10,-51.548733505352004
7,6,10,-41.8938555983091
7,7,8,-20.151272699999986
7,8,9,-29.933622040889908
7,8,10,-10.368923359110083
7,9,11,-25.195716957158222
7,9,12,-21.767503191027615
7,10,11,-63.69549946445081
7,10,12,-60.26728569832021
7,11,13,-21.22970892255686
7,11,14,-87.8127801990521
7,12,13,-27.2722957918501
7,12,23,-74.91376579749772
7,13,23,-68.65327741440714
7,14,16,-107.96405289905185
7,15,16,127.75907142236163
7,15,21,51.9822062885961
7,15,24,-153.89255041095709
7,16,17,28.622884511404287
7,16,19,-28.979138688095375
7,17,18,2.9151718764021766
7,17,22,5.556439935002764
7,18,21,-17.23610082359893
7,19,20,-49.13041138809515
7,20,23,163.71831591190494
7,21,22,14.594832764997237
8,1,2,-35.732609838600396
8,1,3,-81.46502435976147
8,1,5,-31.437536461637826
8,2,4,-34.049233639121326
8,2,6,-21.75756637947908
8,3,9,56.99237744458421
8,3,24,-158.53159198434574
8,4,9,-54.12342381912129
8,5,10,-51.51172664163787
8,6,10,-41.83175655947913
8,7,8,-20.074190179999984
8,8,9,-29.82089804011835
8,8,10,-10.327482319881634
8,9,11,-25.200050712441552
8,9,12,-21.826083882214107
8,10,11,-63.55956126561297
8,10,12,-60.18559443538551
8,11,13,-21.289758035711067
8,11,14,-87.54404412234337
8,12,13,-27.236728982267454
8,12,23,-74.84913951533215
8,13,23,-68.60067719797868
8,14,16,-107.61823430234311
8,15,16,126.93253116489726
8,15,21,51.72904129075772
8,15,24,-152.73576263565434
8,16,17,28.56771942924267
8,16,19,-29.327612746689397
8,17,18,2.9480850257827917
8,17,22,5.545444223460528
8,18,21,-17.12610515421831
8,19,20,-49.401802926689136
8,20,23,163.5240068933109
8,21,22,14.528745956539474
9,1,2,-35.870515599804264
9,1,3,-82.05236635922176
9,1,5,-31.544885620973567
9,2,4,-34.21946133339258
9,2,6,-21.83558860641168
9,3,9,57.59293702486303
9,3,24,-159.82983772408485
9,4,9,-54.40399567339256
9,5,10,-51.7294199609736
9,6,10,-42.02012294641172
9,7,8,-20.184534339999985
9,8,9,-30.004793733042703
9,8,10,-10.364274946957288
9,9,11,-25.24083404401664
9,9,12,-21.759552677555803
9,10,11,-63.88981678040163
9,10,12,-60.40853541394079
9,11,13,-21.203333162337376
9,11,14,-88.11185200208082
9,12,13,-27.339457251540423
9,12,23,-75.01316517995619
9,13,23,-68.72732475387797
9,14,16,-108.29638634208058
9,15,16,128.3793181149431
9,15,21,52.13383288097263
9,15,24,-154.69768533591514
9,16,17,28.604304479027775
9,16,19,-28.70590704616609
9,17,18,2.866589607403224
9,17,22,5.553180531625192
9,18,21,-17.317944732597887
9,19,20,-48.89044138616587
9,20,23,163.9250242738342
9,21,22,14.631353808374811
10,1,2,-36.20453113718308
10,1,3,-82.87860800871924
10,1,5,-31.78795287409727
10,2,4,-34.515460855578496
10,2,6,-21.997147841604587
10,3,9,58.33957314737282
10,3,24,-161.52625871609212
10,4,9,-54.82353841557848
10,5,10,-52.0960304340973
10,6,10,-42.30522540160464
10,7,8,-20.308077559999987
10,8,9,-30.227493979479483
10,8,10,-10.38866114052051
10,9,11,-25.321547552380213
10,9,12,-21.697989255305146
10,10,11,-64.36077641664869
10,10,12,-60.737218119573605
10,11,13,-21.106224135103663
10,11,14,-88.88417739392514
10,12,13,-27.493126259570033
10,12,23,-75.25015867530873
10,13,23,-68.90742795467388
10,14,16,-109.1922549539249
10,15,16,130.19579953284514
10,15,21,52.61866253106339
10,15,24,-157.12253962390793
10,16,17,28.613647708937016
10,16,19,-27.918180690017635
10,17,18,2.7496988894898813
10,17,22,5.555871259447792
10,18,21,-17.558378670511242
10,19,20,-48.22625825001739
10,20,23,164.46566418998265
10,21,22,14.752206300552212
11,1,2,-37.61503467181315
11,1,3,-85.82847084658485
11,1,5,-32.79907686160159
11,2,4,-35.660259796690184
11,2,6,-22.65460061512298
11,3,9,60.85233844088317
11,3,24,-167.3806350274681
11,4,9,-56.360085536690164
11,5,10,-53.49890260160164
11,6,10,-43.354426355123024
11,7,8,-20.699825739999987
11,8,9,-30.96654189326124
11,8,10,-10.433109586738743
11,9,11,-25.646053489615937
11,9,12,-21.528061239452505
11,10,11,-66.05212826681334
11,10,12,-61.934136016649916
11,11,13,-20.797619865897627
11,11,14,-91.60038763053156
11,12,13,-28.05601376902183
11,12,23,-76.10600922708059
11,13,23,-69.55345937491964
11,14,16,-112.30021337053132
11,15,16,136.34040837529466
11,15,21,54.217879517237975
11,15,24,-165.258113632532
11,16,17,28.581423442762457
11,16,19,-25.241054178
11,17,18,2.328874713412965
11,17,22,5.5527229893501575
11,18,21,-18.370951026588198
11,19,20,-45.940879917999766
11,20,23,166.35929434200034
11,21,22,15.147102750649843
12,1,2,-39.37061927379372
12,1,3,-90.22179278937377
12,1,5,-34.07807478683199
12,2,4,-37.22590044078844
12,2,6,-23.506081583005276
12,3,9,64.83672479392725
12,3,24,-176.41988033330108
12,4,9,-58.587263190788434
12,5,10,-55.43943753683203
12,6,10,-44.86744433300531
12,7,8,-21.361362749999987
12,8,9,-32.15595006874266
12,8,10,-10.566775431257334
12,9,11,-26.071816320800995
12,9,12,-21.19603489480305
12,10,11,-68.55540073854624
12,10,12,-63.67961931254828
12,11,13,-20.277693611453987
12,11,14,-95.71088619789315
12,12,13,-28.871770536689873
12,12,23,-77.36524642066146
12,13,23,-70.51082689814406
12,14,16,-117.07224894789289
12,15,16,146.03103050950648
12,15,21,56.80819375719304
12,15,24,-178.20058701669888
12,16,17,28.637257242807394
12,16,19,-21.03983843119471
12,17,18,1.7076674671045708
12,17,22,5.568227025703535
12,18,21,-19.65369528289666
12,19,20,-42.401201181194466
12,20,23,169.23743606880558
12,21,22,15.793135724296466
13,1,2,-42.52221628973325
13,1,3,-96.2478966596263
13,1,5,-36.321258700639945
13,2,4,-39.673622056591505
13,2,6,-24.949104483141724
13,3,9,69.78043305312683
13,3,24,-188.1288399627532
13,4,9,-61.774132306591504
13,5,10,-58.42176895064
13,6,10,-47.04961473314177
13,7,8,-22.100510249999985
13,8,9,-33.59625732039793
13,8,10,-10.604763179602054
13,9,11,-26.7797681688068
13,9,12,-20.91069865505605
13,10,11,-72.0228633135672
13,10,12,-66.15379379981644
13,11,13,-19.69447629167869
13,11,14,-101.2086654406952
13,12,13,-30.0393278085629
13,12,23,-79.12567489630959
13,13,23,-71.8343143502418
13,14,16,-123.30917569069496
13,15,16,158.1613589032945
13,15,21,59.911888033952984
13,15,24,-194.17375718724682
13,16,17,28.49015296604748
13,16,19,-15.738480003448842
13,17,18,0.8436540518883859
13,17,22,5.545988664159834
13,18,21,-21.256856198112917
13,19,20,-37.838990253448614
13,20,23,173.06049949655147
13,21,22,16.554521585840156
14,1,2,-45.38237410993669
14,1,3,-99.70449348361481
14,1,5,-38.299850856448046
14,2,4,-41.50254956525904
14,2,6,-26.16617759467762
14,3,9,71.8780822898373
14,3,24,-193.86892882345214
14,4,9,-63.78890261525902
14,5,10,-60.5862039064481
14,6,10,-48.452530644677665
14,7,8,-22.286353049999985
14,8,9,-34.15188311947178
14,8,10,-10.420822980528204
14,9,11,-27.3612917534059
14,9,12,-20.98776474148786
14,10,11,-74.05971879678593
14,10,12,-67.68619178486787
14,11,13,-19.543852660566756
14,11,14,-104.16351093962496
14,12,13,-30.777863507203826
14,12,23,-80.1824460691519
14,13,23,-72.6080692177708
14,14,16,-126.4498639896247
14,15,16,163.4749642824834
14,15,21,61.05623939406513
14,15,24,-200.81755672654785
14,16,17,28.089172805935345
14,16,19,-13.350425563077565
14,17,18,0.33116170083212637
14,17,22,5.471658055103977
14,18,21,-21.95519134916922
14,19,20,-35.63677861307731
14,20,23,175.0768683369228
14,21,22,16.81469499489601
15,1,2,-47.65606048413652
15,1,3,-104.38710840156395
15,1,5,-39.92769179429905
15,2,4,-43.33379517975088
15,2,6,-27.222638744385634
15,3,9,75.84254553393447
15,3,24,-203.13002737549846
15,4,9,-66.23416861975082
15,5,10,-62.82806523429908
15,6,10,-50.12301218438568
15,7,8,-22.900373439999985
15,8,9,-35.31614042687227
15,8,10,-10.484606453127714
15,9,11,-27.882189431955332
15,9,12,-20.72594752073358
15,10,11,-76.74614961151701
15,10,12,-69.58990770029526
15,11,13,-19.060029600512316
15,11,14,-108.46868288295991
15,12,13,-31.67365767512377
15,12,23,-81.54257098590507
15,13,23,-73.63406071563631
15,14,16,-131.36905632295964
15,15,16,173.17477712340983
15,15,21,63.57389842109241
15,15,24,-213.64904898450152
15,16,17,28.02759533890809
15,16,19,-9.122247978458859
15,17,18,-0.33741113605827167
15,17,22,5.464633034967151
15,18,21,-23.23778457605968
15,19,20,-32.02262141845861
15,20,23,178.07700514154146
15,21,22,17.435740405032835
16,1,2,-49.268599988601494
16,1,3,-108.44676714671137
16,1,5,-41.10316728468652
16,2,4,-44.77660748083808
16,2,6,-28.005858367763445
16,3,9,79.53113805274604
16,3,24,-211.4917710594575
16,4,9,-68.29047334083805
16,5,10,-64.61703314468659
16,6,10,-51.519724227763476
16,7,8,-23.513865859999985
16,8,9,-36.41771241020237
16,8,10,-10.61001930979762
16,9,11,-28.273997410712916
16,9,12,-20.416916147581716
16,10,11,-79.05886190268934
16,10,12,-71.20178063955814
16,11,13,-18.577893321578326
16,11,14,-112.26883185182378
16,12,13,-32.42682437150918
16,12,23,-82.7057382756307
16,13,23,-74.51858355308775
16,14,16,-135.78269771182352
16,15,16,182.1445935057878
16,15,21,65.97335291475537
16,15,24,-225.63181228054245
16,16,17,28.082110525245156
16,16,19,-5.234080591281838
16,17,18,-0.9112831676658004
16,17,22,5.479527832911779
16,18,21,-24.42514902766727
16,19,20,-28.747946451281578
16,20,23,180.7381876887185
16,21,22,18.034338027088204
17,1,2,-51.483181526409396
17,1,3,-112.99721222324328
17,1,5,-42.6883955703468
17,2,4,-46.5582126051942
17,2,6,-29.034376481215176
17,3,9,83.380144959018
17,3,24,-220.48676474226136
17,4,9,-70.66762016519417
17,5,10,-66.79780313034685
17,6,10,-53.14378404121522
17,7,8,-24.109407559999987
17,8,9,-37.54780407520869
17,8,10,-10.6710110447913
17,9,11,-28.78103785332657
17,9,12,-20.163648988058565
17,10,11,-81.6696973208106
17,10,12,-73.05230845554259
17,11,13,-18.108612748383962
17,11,14,-116.45152998575306
17,12,13,-33.29766581132483
17,12,23,-84.02769919227632
17,13,23,-75.51568611970904
17,14,16,-140.5609375457528
17,15,16,191.56269853051293
17,15,21,68.41688480722648
17,15,24,-238.08899089773868
17,16,17,28.02074543277405
17,16,19,-1.128392008014913
17,17,18,-1.5610664994687085
17,17,22,5.472404372243616
17,18,21,-25.670474059470237
17,19,20,-25.23779956801468
17,20,23,183.65279287198544
17,21,22,18.637003187756363
18,1,2,-51.755752540382275
18,1,3,-115.5796735336813
18,1,5,-42.940950405935865
18,2,4,-47.17191507718863
18,2,6,-29.253941203193683
18,3,9,86.25481595277235
18,3,24,-226.50459322645375
18,4,9,-71.8420188171886
18,5,10,-67.61105414593592
18,6,10,-53.92404494319371
18,7,8,-24.670103739999984
18,8,9,-38.44217388399108
18,8,10,-10.8980335960089
18,9,11,-28.904713129026668
18,9,12,-19.79476735938093
18,10,11,-83.10659109739206
18,10,12,-73.9966453277463
18,11,13,-17.670284011066986
18,11,14,-119.01112395535158
18,12,13,-33.72752035714424
18,12,23,-84.73399606998298
18,13,23,-76.06790810821147
18,14,16,-143.6812276953513
18,15,16,198.44556639769533
18,15,21,70.39839539585168
18,15,24,-247.51406553354627
18,16,17,28.282019564148847
18,16,19,1.8122153981941693
18,17,18,-1.9140333530723446
18,17,22,5.5259491772220795
18,18,21,-26.58413709307392
18,19,20,-22.857888341805563
18,20,23,185.47200791819455
18,21,22,19.144154562777896
19,1,2,-4.673664579690069
19,1,3,-72.97028972888546
19,1,5,-10.776555991424132
19,2,4,-19.852401038381615
19,2,6,-9.876251941308489
19,3,9,68.69046854419992
19,3,24,-166.71574667308542
19,4,9,-44.90738943838158
19,5,10,-35.831544391424174
19,6,10,-34.931240341308545
19,7,8,-25.054988399999985
19,8,9,-34.63286569540497
19,8,10,-15.47711110459502
19,9,11,-19.76498896884807
19,9,12,-16.139786020738732
19,10,11,-57.460043592718435
19,10,12,-53.83484064460909
19,11,13,-17.460520899249122
19,11,14,-84.81950006231735
19,12,13,-23.850321893920835
19,12,23,-71.17929317142698
19,13,23,-66.36583119317012
19,14,16,-109.87448846231712
19,15,16,151.42188653175944
19,15,21,63.437633495155836
19,15,24,-193.91450842691455
19,16,17,36.78232010484446
19,16,19,-20.2899104354031
19,17,18,4.593238538653967
19,17,22,7.134093166191356
19,18,21,-20.461749861347247
19,19,20,-45.34489883540293
19,20,23,162.6001127645972
19,21,22,17.920895233808654
20,1,2,29.537581092644885
20,1,3,-42.47848531034323
20,1,5,12.581715617698379
20,2,4,-0.09278348676312476
20,2,6,4.182572079407997
20,3,9,56.48500064816827
20,3,24,-124.4112784585115
20,4,9,-25.540575986763123
20,5,10,-12.866076882301662
20,6,10,-21.265220420592065
20,7,8,-25.447792499999984
20,8,9,-32.04022557510825
20,8,10,-18.855359424891752
20,9,11,-13.13801530940181
20,9,12,-13.405578104301366
20,10,11,-39.08344321644286
20,10,12,-39.35100601134239
20,11,13,-17.219762255052686
20,11,14,-60.44948877079203
20,12,13,-16.748154723706634
20,12,23,-61.45622189193712
20,13,23,-59.415709478759425
20,14,16,-85.89728127079181
20,15,16,118.58167459226384
20,15,21,58.76987804922541
20,15,24,-156.79934514148854
20,16,17,43.021291950774724
20,16,19,-35.784691129303646
20,17,18,9.258248590343381
20,17,22,8.315250860432208
20,18,21,-16.189543909657583
20,19,20,-61.23248362930349
20,20,23,146.31972387069666
20,21,22,17.132541639567826
21,1,2,63.31579431530878
21,1,3,-12.881793888013178
21,1,5,35.62986509270444
21,2,4,19.317424408914505
21,2,6,18.040037666394205
21,3,9,45.03848689627793
21,3,24,-83.87861302429108
21,4,9,-6.640907831085478
21,5,10,9.671532852704367
21,6,10,-7.91829457360587
21,7,8,-25.958332239999987
21,8,9,-29.67055174247919
21,8,10,-22.246112737520814
21,9,11,-6.610348339334751
21,9,12,-10.620956577951981
21,10,11,-21.220299229902427
21,10,12,-25.23090746851965
21,11,13,-16.8862383827289
21,11,14,-36.90274142650841
21,12,13,-9.817120079788051
21,12,23,-51.99307620668357
21,13,23,-52.66169070251702
21,14,16,-62.861073666508204
21,15,16,87.59814308013759
21,15,21,54.58435541557198
21,15,24,-122.14083073570924
21,16,17,49.24897354442799
21,16,19,-50.47023637079958
21,17,18,13.79548214124017
21,17,22,9.495159163188694
21,18,21,-12.162850098760561
21,19,20,-76.42856861079946
21,20,23,130.6130991492007
21,21,22,16.463173076811366
22,1,2,96.83594252318343
22,1,3,17.21962810660638
22,1,5,58.52268635020999
22,2,4,38.721874324308004
22,2,6,31.82523143887541
22,3,9,32.81177829634912
22,3,24,-41.88098694974272
22,4,9,12.433037564308002
22,5,10,32.23384959020992
22,6,10,5.536394678875318
22,7,8,-26.288836759999985
22,8,9,-27.046041005994766
22,8,10,-25.53163251400523
22,9,11,-0.11041146688606496
22,9,12,-7.979650438451506
22,10,11,-3.0904930166771436
22,10,12,-10.959731988242584
22,11,13,-16.692792282985792
22,11,14,-12.796948960577645
22,12,13,-2.8224319948694205
22,12,23,-42.40578719182464
22,13,23,-45.80406103785522
22,14,16,-39.08578572057745
22,15,16,54.78290847284719
22,15,21,49.82341955741074
22,15,24,-84.89516479025724
22,16,17,55.33192748258906
22,16,19,-65.92364149032026
22,17,18,18.396704516571337
22,17,22,10.646386206018583
22,18,21,-7.89213224342914
22,19,20,-92.21247825032016
22,20,23,114.49868498967999
22,21,22,15.642450553981499
23,1,2,130.74873225507667
23,1,3,48.200146241831064
23,1,5,81.69861979309185
23,2,4,58.45630223194119
23,2,6,45.79610399313549
23,3,9,19.816802663857928
23,3,24,1.8870175479731977
23,4,9,31.959976201941185
23,5,10,55.2022937630918
23,6,10,19.299777963135405
23,7,8,-26.496326029999985
23,8,9,-24.19416221571611
23,8,10,-28.798489844283903
23,9,11,6.481613452305139
23,9,12,-5.39532283222196
23,10,11,15.54209606823533
23,10,12,3.6651597837082397
23,11,13,-16.596155977185223
23,11,14,12.123539467725381
23,12,13,4.338191801634569
23,12,23,-32.564680880148266
23,13,23,-38.7542902055506
23,14,16,-14.372786562274444
23,15,16,20.093211289490924
23,15,21,44.56915459848283
23,15,24,-45.15869191797289
23,16,17,61.416149521516786
23,16,19,-82.19205082430126
23,17,18,23.122893091493452
23,17,22,11.796930400024186
23,18,21,-3.373432938506757
23,19,20,-108.68837685430117
23,20,23,97.81529711569901
23,21,22,14.699395629975923
24,1,2,135.81559087604404
24,1,3,52.38575557458377
24,1,5,85.14871376937192
24,2,4,61.31836813189174
24,2,6,47.863098504152305
24,3,9,18.401331678359465
24,3,24,7.350299656224337
24,4,9,34.68424389189172
24,5,10,58.514589529371875
24,6,10,21.22897426415221
24,7,8,-26.634124239999984
24,8,9,-23.933562525519683
24,8,10,-29.334685954480328
24,9,11,7.453092840726508
24,9,12,-4.935204035994829
24,10,11,18.081525237882666
24,10,12,5.693228361161339
24,11,13,-16.498327934041832
24,11,14,15.398821772650686
24,12,13,5.33734660286823
24,12,23,-31.2134465177017
24,13,23,-37.79510557117355
24,14,16,-11.235302467349143
24,15,16,16.164440349675704
24,15,21,44.152408126549105
24,15,24,-40.95097271622414
24,16,17,62.384088833450484
24,16,19,-84.08907519112486
24,17,18,23.769208366778
24,17,22,11.98075622667334
24,18,21,-2.864915873222177
24,19,20,-110.72319943112481
24,20,23,95.64267632887538
24,21,22,14.653368013326775
25,1,2,143.00397619676477
25,1,3,59.71781959692952
25,1,5,90.08297773630532
25,2,4,65.65065114692108
25,2,6,50.85963883984369
25,3,9,14.738374239807808
25,3,24,18.485759147121776
25,4,9,39.156964936921064
25,5,10,63.58929152630529
25,6,10,24.365952629843598
25,7,8,-26.493686209999986
25,8,9,-23.043280477358923
25,8,10,-29.94409194264109
25,9,11,8.873565772764575
25,9,12,-4.515193283394443
25,10,11,22.45311252983353
25,10,12,9.064353473674522
25,11,13,-16.62184234742084
25,11,14,21.45483444001861
25,12,13,6.977251871313198
25,12,23,-28.9217778910331
25,13,23,-36.138276686107574
25,14,16,-5.038851769981221
25,15,16,6.645675610546416
25,15,21,42.40272041657586
25,15,24,-29.542082237121615
25,16,17,63.572024423423684
25,16,19,-88.45888679285945
25,17,18,24.874296591118952
25,17,22,12.204041622305587
25,18,21,-1.6193896188811625
25,19,20,-114.95257300285938
25,20,23,91.55374078714081
25,21,22,14.28964458769453
26,1,2,147.35666505248173
26,1,3,64.66122465812931
26,1,5,93.08506572938867
26,2,4,68.37216035567036
26,2,6,52.69725181681135
26,3,9,11.922391753975075
26,3,24,26.4515800241543
26,4,9,42.08490747567034
26,5,10,66.7978128493886
26,6,10,26.40999893681126
26,7,8,-26.287252879999986
26,8,9,-22.31608286853548
26,8,10,-30.258422891464537
26,9,11,9.748946312537603
26,9,12,-4.344982831427455
26,10,11,25.378032579350318
26,10,12,11.284103435385276
26,11,13,-16.79142073288416
26,11,14,25.631146744771737
26,12,13,8.05060983809623
26,12,23,-27.398742114138397
26,13,23,-35.02806377478786
26,14,16,-0.6561061352281063
26,15,16,-0.543693567174687
26,15,21,40.92462863132942
26,15,24,-20.668187944154077
26,16,17,64.2243828886701
26,16,19,-91.71143547107384
26,17,18,25.61144006011686
26,17,22,12.325689948554098
26,18,21,-0.6758128198832074
26,19,20,-117.9986883510738
26,20,23,88.71405876892638
26,21,22,13.961562931446025
27,1,2,149.07248958986813
27,1,3,64.35187183771632
27,1,5,94.24325904241515
27,2,4,69.03039986027139
27,2,6,53.350945539596715
27,3,9,13.59432561745386
27,3,24,24.066402030262523
27,4,9,42.33925567027138
27,5,10,67.55211485241509
27,6,10,26.659801349596606
27,7,8,-26.691144189999985
27,8,9,-22.813394492694236
27,8,10,-30.568893887305777
27,9,11,10.222383919795778
27,9,12,-3.793341314764568
27,10,11,25.48380167963326
27,10,12,11.46807644507292
27,11,13,-16.480004118782418
27,11,14,25.4950455282111
27,12,13,8.224183847175816
27,12,23,-27.240592906867445
27,13,23,-34.94696446160652
27,14,16,-1.1960986617887377
27,15,16,1.9560931927672416
27,15,21,41.956716357495814
27,15,24,-27.775257840262338
27,16,17,64.8078604025037
27,16,19,-90.73901006152614
27,17,18,25.677809910138414
27,17,22,12.43890630236616
27,18,21,-1.0133342798616745
27,19,20,-117.43015425152612
27,20,23,88.8787015584741
27,21,22,14.25223788763396
28,1,2,148.43531665420866
28,1,3,62.096164673706895
28,1,5,93.8180119620842
28,2,4,68.37149934214662
28,2,6,53.06064728206199
28,3,9,15.975677636354492
28,3,24,19.117317007352455
28,4,9,41.368329312146585
28,5,10,66.81484193208414
28,6,10,26.057477252061894
28,7,8,-27.003170029999986
28,8,9,-23.404008720448427
28,8,10,-30.60233133955159
28,9,11,10.339776799059923
28,9,12,-3.402948601007053
28,10,11,24.50477160733085
28,10,12,10.762046207263884
28,11,13,-16.236092733839367
28,11,14,24.077471110229798
28,12,13,7.986904347371089
28,12,23,-27.630976771114245
28,13,23,-35.252358416468205
28,14,16,-2.9256989197700465
28,15,16,5.776554425110266
28,15,21,43.0578399222426
28,15,24,-37.71414697735226
28,16,17,64.95484019775692
28,16,19,-89.10715472241768
28,17,18,25.482667674704192
28,17,22,12.469002493053624
28,18,21,-1.5205023552959334
28,19,20,-116.11032475241761
28,20,23,89.8865052175826
28,21,22,14.534167536946498
29,1,2,147.66452500684622
29,1,3,60.70686805717728
29,1,5,93.17514725597616
29,2,4,67.72525083906196
29,2,6,52.62935792778425
29,3,9,16.832822211354546
29,3,24,16.5641296058228
29,4,9,40.41533459906193
29,5,10,65.86523101597611
29,6,10,25.31944168778414
29,7,8,-27.309916239999986
29,8,9,-23.872010319387176
29,8,10,-30.747822160612838
29,9,11,9.680470587482517
29,9,12,-3.614240336453009
29,10,11,23.210822613541595
29,10,12,9.91611168960608
29,11,13,-15.993497304544658
29,11,14,21.574874265568415
29,12,13,7.439827202139991
29,12,23,-28.4478720889869
29,13,23,-35.863586342404595
29,14,16,-5.735041974431413
29,15,16,11.128798626683324
29,15,21,44.397031699139994
29,15,24,-36.835746565822625
29,16,17,64.84263326085954
29,16,19,-86.75879284860859
29,17,18,25.082604619751358
29,17,22,12.450112401109083
29,18,21,-2.2273116202487837
29,19,20,-114.06870908860857
29,20,23,91.62137467139164
29,21,22,14.859803838891034
30,1,2,147.4354450841871
30,1,3,59.93533849742167
30,1,5,93.00262394839085
30,2,4,67.48228969508317
30,2,6,52.50913667910394
30,3,9,17.588100853234494
30,3,24,14.90321893418725
30,4,9,40.03827098508316
30,5,10,65.55860523839078
30,6,10,25.065117969103824
30,7,8,-27.444018709999987
30,8,9,-24.101253943187704
30,8,10,-30.786783476812317
30,9,11,9.61890798651992
30,9,12,-3.537808801389775
30,10,11,22.77481890429614
30,10,12,9.61810211638644
30,11,13,-15.888345684864792
30,11,14,20.8380538656805
30,12,13,7.301749661891979
30,12,23,-28.665475056895286
30,13,23,-36.03061473297275
30,14,16,-6.605964844319335
30,15,16,12.954402150966834
30,15,21,44.89980216322095
30,15,24,-39.298223024187095
30,16,17,64.8762726767786
30,16,19,-85.97185408013206
30,17,18,24.97478340065852
30,17,22,12.457470566120977
30,18,21,-2.4692353093416317
30,19,20,-113.41587279013204
30,20,23,92.14010849986816
30,21,22,14.986548143879144
31,1,2,147.46183696212609
31,1,3,58.77901319226517
31,1,5,93.11200603560846
31,2,4,67.35023807321278
31,2,6,52.57201895891323
31,3,9,19.304473620961105
31,3,24,11.934959641304125
31,4,9,39.81065814321278
31,5,10,65.57242610560841
31,6,10,25.032439028913135
31,7,8,-27.539579929999984
31,8,9,-24.34954294645476
31,8,10,-30.729616913545254
31,9,11,9.931374404839598
31,9,12,-2.7053655171202724
31,10,11,22.4862041064682
31,10,12,9.849464184508339
31,11,13,-14.900835681990642
31,11,14,19.77883426329811
31,12,13,7.372745819110863
31,12,23,-27.768227081722763
31,13,23,-35.06766979287972
31,14,16,-7.76074566670173
31,15,16,17.823908572802434
31,15,21,45.831891208502206
31,15,24,-45.19537971130395
31,16,17,64.32642851149733
31,16,19,-81.80284553539758
31,17,18,24.432498080554566
31,17,22,12.35435050094368
31,18,21,-3.1070818494456027
31,19,20,-109.34242546539757
31,20,23,90.37547680460263
31,21,22,15.185229429056436
32,1,2,146.80886044333795
32,1,3,58.65037721932934
32,1,5,92.55417760733238
32,2,4,66.97870169126803
32,2,6,52.218247962069874
32,3,9,18.674127833489067
32,3,24,12.364338595840346
32,4,9,39.366790901268025
32,5,10,64.94226681733235
32,6,10,24.60633717206977
32,7,8,-27.611910789999985
32,8,9,-24.42005520817832
32,8,10,-30.8037663718217
32,9,11,9.475524473677096
32,9,12,-3.4665717370981173
32,10,11,22.03751151917794
32,10,12,9.095415308402735
32,11,13,-15.75604413919579
32,11,14,19.65716934205049
32,12,13,7.05575989618318
32,12,23,-29.03882711487854
32,13,23,-36.31219503301255
32,14,16,-7.954741447949342
32,15,16,15.611981669079587
32,15,21,45.58906824676125
32,15,24,-42.81296070584014
32,16,17,64.8585749132383
32,16,19,-84.81324548210902
32,17,18,24.791276933606863
32,17,22,12.455387189632342
32,18,21,-2.8206338563933024
32,19,20,-112.42515627210898
32,20,23,92.96293293789124
32,21,22,15.156523600367775
33,1,2,146.45949970783565
33,1,3,58.72982752921922
33,1,5,92.32674724294486
33,2,4,66.85314144758232
33,2,6,52.0926485002533
33,3,9,18.33478621158639
33,3,24,12.881331557632882
33,4,9,39.33943168758229
33,5,10,64.8130374829448
33,6,10,24.5789387402532
33,7,8,-27.513709759999987
33,8,9,-24.300572929058127
33,8,10,-30.726846590941886
33,9,11,9.419690902452416
33,9,12,-3.559755692341658
33,10,11,22.065433233525226
33,10,12,9.085986638731157
33,11,13,-15.83204807122859
33,11,14,19.803462447205884
33,12,13,7.045589939343281
33,12,23,-29.033068752953767
33,13,23,-36.30016789188524
33,14,16,-7.7102473127939515
33,15,16,14.841235360550277
33,15,21,45.31192667708311
33,15,24,-41.666871797632695
33,16,17,64.74291236291646
33,16,19,-85.12563407516109
33,17,18,24.796394243772216
33,17,22,12.432808359145133
33,18,21,-2.7173155162279468
33,19,20,-112.63934383516106
33,20,23,92.84694640483914
33,21,22,15.080901400854986
34,1,2,146.25880256777106
34,1,3,58.968577753570685
34,1,5,92.20158051865788
34,2,4,66.81867237447173
34,2,6,52.029373113299265
34,3,9,17.910591092606545
34,3,24,13.647229580964188
34,4,9,39.40791529447173
34,5,10,64.79082343865782
34,6,10,24.61861603329918
34,7,8,-27.410757079999986
34,8,9,-24.159816140829115
34,8,10,-30.6616980191709
34,9,11,9.393466459152645
34,9,12,-3.6455332929032824
34,10,11,22.187992062421152
34,10,12,9.14899231036522
34,11,13,-15.912048778234801
34,11,14,20.082750219808254
34,12,13,7.070557927594846
34,12,23,-28.977855990132884
34,13,23,-36.252247930639896
34,14,16,-7.328006860191573
34,15,16,13.851937851253513
34,15,21,44.99222956971124
34,15,24,-40.254924500964066
34,16,17,64.6507987502883
34,16,19,-85.53762483922735
34,17,18,24.825400616096807
34,17,22,12.414641054192398
34,18,21,-2.585356463903345
34,19,20,-112.94838191922729
34,20,23,92.64086100077292
34,21,22,14.996116025807723
35,1,2,146.46009348334238
35,1,3,60.690708305748146
35,1,5,92.43066199090914
35,2,4,67.26752223434174
35,2,6,52.22371878900057
35,3,9,16.13180527676294
35,3,24,17.590050568985262
35,4,9,40.29866977434174
35,5,10,65.46180953090911
35,6,10,25.25486632900047
35,7,8,-26.968852459999987
35,8,9,-23.49552204722685
35,8,10,-30.442182872773177
35,9,11,9.721047069236995
35,9,12,-3.754946525358953
35,10,11,23.39081706086631
35,10,12,9.91482346627036
35,11,13,-16.258274824142504
35,11,14,22.40128649424546
35,12,13,7.494579431878483
35,12,23,-28.30355495096705
35,13,23,-35.732547852263956
35,14,16,-4.567565965754381
35,15,16,7.993682765387117
35,15,21,43.36080568359866
35,15,24,-36.221198108985064
35,16,17,64.51460415640089
35,16,19,-88.0573398167691
35,17,18,25.1601438639791
35,17,22,12.385607832422652
35,18,21,-1.808708596021023
35,19,20,-115.02619227676907
35,20,23,91.00495526323114
35,21,22,14.583244627577468
36,1,2,146.50606015356993
36,1,3,60.09892615849927
36,1,5,92.39624673793043
36,2,4,67.13895237656097
36,2,6,52.172815327008934
36,3,9,16.74208010045566
36,3,24,16.16255360804366
36,4,9,39.944659926560945
36,5,10,65.20195428793038
36,6,10,24.978522877008835
36,7,8,-27.194292449999985
36,8,9,-23.80124180296823
36,8,10,-30.587343097031777
36,9,11,9.468929856319122
36,9,12,-3.777724082270553
36,10,11,22.82274777824869
36,10,12,9.576093839659016
36,11,13,-16.081545534549075
36,11,14,21.178930719116533
36,12,13,7.267073487460847
36,12,23,-28.662996180072355
36,13,23,-36.008764497088166
36,14,16,-6.015361730883296
36,15,16,11.039224019640683
36,15,21,44.20223798840351
36,15,24,-36.43575445804352
36,16,17,64.57493181159603
36,16,19,-86.74536197283959
36,17,18,24.981948546567118
36,17,22,12.398690815029795
36,18,21,-2.212343903433022
36,19,20,-113.93965442283955
36,20,23,91.86605312716065
36,21,22,14.795601634970323
37,1,2,145.76751830494487
37,1,3,57.02199597432514
37,1,5,91.82329447072968
37,2,4,66.24067796174344
37,2,6,51.75812469320141
37,3,9,19.876969278503836
37,3,24,9.37631104582135
37,4,9,38.47196231174345
37,5,10,64.05457882072962
37,6,10,23.98940904320131
37,7,8,-27.768715649999987
37,8,9,-24.760486693996548
37,8,10,-30.776944606003465
37,9,11,9.252594438645774
37,9,12,-3.4328651923948534
37,10,11,21.091893619484175
37,10,12,8.406433988443553
37,11,13,-15.631600174384097
37,11,14,18.207372582513706
37,12,13,6.727854931588757
37,12,23,-29.523001785540046
37,13,23,-36.672460892795286
37,14,16,-9.561343067486126
37,15,16,18.593419138766862
37,15,21,46.31311180705501
37,15,24,-46.67524659582117
37,16,17,64.76175079294454
37,16,19,-83.4983903716648
37,17,18,24.554757251681618
37,17,22,12.438277891263839
37,18,21,-3.213958398318565
37,19,20,-111.26710602166477
37,20,23,93.96417832833546
37,21,22,15.330437758736275
38,1,2,141.86999685973245
38,1,3,51.557378448595315
38,1,5,89.10565144167192
38,2,4,63.60129288153189
38,2,6,50.064947228200516
38,3,9,23.63094901627644
38,3,24,-0.27732731768107044
38,4,9,35.39753613153187
38,5,10,60.90189469167186
38,6,10,21.861190478200406
38,7,8,-28.203756749999982
38,8,9,-25.79934604986577
38,8,10,-30.60816745013425
38,9,11,8.437302826794237
38,9,12,-3.411920478851509
38,10,11,17.900192137692024
38,10,12,6.0509688320462764
38,11,13,-15.284397520663362
38,11,14,13.418135735149296
38,12,13,5.60110322185086
38,12,23,-31.16581161865608
38,13,23,-37.88705104881246
38,14,16,-14.785621014850529
38,15,16,27.969117761420737
38,15,21,48.49941992089877
38,15,24,-58.672294432318814
38,16,17,64.31560707910081
38,16,19,-79.33586708253158
38,17,18,23.75456365577559
38,17,22,12.357286673326145
38,18,21,-4.449193094224656
38,19,20,-107.53962383253155
38,20,23,97.25661941746867
38,21,22,15.846470076673965
39,1,2,142.6931786719568
39,1,3,52.74213631307873
39,1,5,89.68050431496411
39,2,4,64.16471503969699
39,2,6,50.42396383225982
39,3,9,22.80176226978285
39,3,24,1.835874243295926
39,4,9,36.06021523969698
39,5,10,61.57600451496407
39,6,10,22.319464032259717
39,7,8,-28.10449979999998
39,8,9,-25.568506201754747
39,8,10,-30.64049339824527
39,9,11,8.610424589968451
39,9,12,-3.4214530822431843
39,10,11,18.59117651059521
39,10,12,6.559298838383581
39,11,13,-15.36348631527376
39,11,14,14.460587615837085
39,12,13,5.8439619346958835
39,12,23,-30.81061597855545
39,13,23,-37.624024180577806
39,14,16,-13.64391218416274
39,15,16,25.902320194855047
39,15,21,48.0122305484414
39,15,24,-56.019050543295734
39,16,17,64.40576865155818
39,16,19,-80.25186044086686
39,17,18,23.92769960911378
39,17,22,12.373569242445322
39,18,21,-4.176800190886453
39,19,20,-108.35636024086682
39,20,23,96.53913995913342
39,21,22,15.730930557554787
40,1,2,144.1537833652613
40,1,3,55.81352449491402
40,1,5,90.7280191398244
40,2,4,65.35344324322354
40,2,6,51.10553922203772
40,3,9,20.179862902184805
40,3,24,7.938860692729278
40,4,9,37.658642343223526
40,5,10,63.03321823982433
40,6,10,23.41073832203762
40,7,8,-27.694800899999986
40,8,9,-24.79695332036892
40,8,10,-30.592648479631084
40,9,11,8.946964319408863
40,9,12,-3.600213294369256
40,10,11,20.351842398004617
40,10,12,7.804664784226508
40,11,13,-15.686203464427145
40,11,14,17.290209281840294
40,12,13,6.429515060698549
40,12,23,-29.91986447084129
40,13,23,-36.951489303728536
40,14,16,-10.404591618159538
40,15,16,19.492060543369107
40,15,21,46.342292049360665
40,15,24,-47.52915349272909
40,16,17,64.43691155063888
40,16,19,-83.04424352543032
40,17,18,24.365731939623938
40,17,22,12.376378711015864
40,18,21,-3.329068960376253
40,19,20,-110.73904442543027
40,20,23,94.56615467456997
40,21,22,15.318422188984252
41,1,2,146.04596781834658
41,1,3,59.075442465661055
41,1,5,92.06468780599192
41,2,4,66.75358139556882
41,2,6,51.95554409277776
41,3,9,17.634454687776955
41,3,24,14.10414544788416
41,4,9,39.416739065568805
41,5,10,64.72784547599186
41,6,10,24.618701762777675
41,7,8,-27.336842329999985
41,8,9,-24.065192779858663
41,8,10,-30.60849188014135
41,9,11,9.361223112194406
41,9,12,-3.7120644687071045
41,10,11,22.237250304764988
41,10,12,9.16396272386348
41,11,13,-15.969352664724134
41,11,14,20.23098375168317
41,12,13,7.07368994110854
41,12,23,-28.958634015952146
41,13,23,-36.23250505361552
41,14,16,-7.105858578316662
41,15,16,13.216931545476346
41,15,21,44.774804742408385
41,15,24,-39.32857861788404
41,16,17,64.57256457759117
41,16,19,-85.79833394043243
41,17,18,24.836409688056143
41,17,22,12.399312559535904
41,18,21,-2.500432641944003
41,19,20,-113.1351762704324
41,20,23,92.5279813995678
41,21,22,14.937529770464211
42,1,2,147.5586960619382
42,1,3,61.05659929081262
42,1,5,93.11550393724887
42,2,4,67.75072939197116
42,2,6,52.606282739966986
42,3,9,16.34340784378553
42,3,24,17.511507517027127
42,4,9,40.54904546197116
42,5,10,65.91382000724882
42,6,10,25.40459880996688
42,7,8,-27.201683929999987
42,8,9,-23.714194789198977
42,8,10,-30.689173070801044
42,9,11,9.673423427707224
42,9,12,-3.6968488411492983
42,10,11,23.398917042635716
42,10,12,10.028644773779202
42,11,13,-16.077803339824786
42,11,14,21.948459880167377
42,12,13,7.488705974399174
42,12,23,-28.358593971769256
42,13,23,-35.79078129542555
42,14,16,-5.253224049832462
42,15,16,9.973642630771618
42,15,21,44.042428126256034
42,15,24,-35.21775468702698
42,16,17,64.76430759374351
42,16,19,-87.24557294280531
42,17,18,25.128114337053194
42,17,22,12.434509326691199
42,18,21,-2.073569592946942
42,19,20,-114.44725687280527
42,20,23,91.35105919719493
42,21,22,14.767174603308922
43,1,2,148.9776355770413
43,1,3,63.32649862162339
43,1,5,94.11286024133497
43,2,4,68.76632272204004
43,2,6,53.23559687500122
43,3,9,14.643795240891118
43,3,24,21.706987400732327
43,4,9,41.79060674204004
43,5,10,67.13714426133491
43,6,10,26.259880895001128
43,7,8,-26.975715979999986
43,8,9,-23.231253188103512
43,8,10,-30.720178771896506
43,9,11,9.978736097086962
43,9,12,-3.751303282259115
43,10,11,24.715584891892934
43,10,12,10.985545512546864
43,11,13,-16.256979205980045
43,11,14,23.9755842149596
43,12,13,7.9436574311446355
43,12,23,-27.68513118085686
43,13,23,-35.28903775483534
43,14,16,-3.000131765040243
43,15,16,5.766618681470595
43,15,21,43.01340985926221
43,15,24,-29.75574452073214
43,16,17,64.88945406073731
43,16,19,-89.09868312430791
43,17,18,25.457289419933343
43,17,22,12.45644866080484
43,18,21,-1.518426560066757
43,19,20,-116.07439910430787
43,20,23,89.94988491569234
43,21,22,14.519267319195281
44,1,2,150.03486539026932
44,1,3,65.99505137804879
44,1,5,94.88373411168155
44,2,4,69.71362330442442
44,2,6,53.74941742584486
44,3,9,12.217229999817073
44,3,24,27.205996718231773
44,4,9,43.14179864442441
44,5,10,68.31190945168149
44,6,10,27.177592765844754
44,7,8,-26.571824659999987
44,8,9,-22.506445847154563
44,8,10,-30.637203472845453
44,9,11,10.235826854725865
44,9,12,-3.95506871763873
44,10,11,26.235684828522828
44,10,12,12.044789256158227
44,11,13,-16.574384066267026
44,11,14,26.474071089515355
44,12,13,8.43856002031676
44,12,23,-26.92066414179724
44,13,23,-34.707648705950184
44,14,16,-0.09775357048449007
44,15,16,-0.13384217989842506
44,15,21,41.43450587813069
44,15,24,-21.872488358231607
44,16,17,64.85279276186881
44,16,19,-91.65621317225266
44,17,18,25.834471064571865
44,17,22,12.446497037297812
44,18,21,-0.7373535954282002
44,19,20,-118.22803783225265
44,20,23,88.20013750774756
44,21,22,14.125327622702311
45,1,2,151.97293297686196
45,1,3,69.02165768354733
45,1,5,96.39663218959036
45,2,4,71.18768518752393
45,2,6,54.73557803933796
45,3,9,10.381021678518461
45,3,24,32.59096625502893
45,4,9,45.138015437523904
45,5,10,70.34696243959031
45,6,10,28.685908289337863
45,7,8,-26.049669749999985
45,8,9,-21.64154292058547
45,8,10,-30.45779657941455
45,9,11,11.423022981858685
45,9,12,-3.5951985364015586
45,10,11,28.771812958887057
45,10,12,13.753591440626824
45,11,13,-16.988351602000222
45,11,14,31.1335177927456
45,12,13,9.48284136821055
45,12,23,-25.37411821398527
45,13,23,-33.55517998378958
45,14,16,5.083848042745764
45,15,16,-9.819619473219918
45,15,21,39.062427628249296
45,15,24,-21.741296505028735
45,16,17,65.1362513717502
45,16,19,-95.92169255222527
45,17,18,26.590469148079194
45,17,22,12.49611247367185
45,18,21,0.54079939807916
45,19,20,-121.97136230222524
45,20,23,84.97896794777502
45,21,22,13.553557276328274
46,1,2,154.36557015220947
46,1,3,70.62993909081463
46,1,5,98.47467394697544
46,2,4,72.77196464487224
46,2,6,56.08562527733722
46,3,9,11.345557928262416
46,3,24,33.776400932552264
46,4,9,47.263984414872226
46,5,10,72.9666937169754
46,6,10,30.577645047337114
46,7,8,-25.507980229999987
46,8,9,-20.95590413758655
46,8,10,-30.060056322413473
46,9,11,13.952946242297148
46,9,12,-1.807288266748815
46,10,11,31.86826836047263
46,10,12,16.10803385142668
46,11,13,-16.660812582226097
46,11,14,36.974046954995515
46,12,13,11.118256226785569
46,12,23,-22.325490872107697
46,13,23,-31.050536585440405
46,14,16,11.466066724995647
46,15,16,-18.98337174511496
46,15,21,36.743812217667674
46,15,24,-38.66842070255208
46,16,17,65.28810870233181
46,16,19,-98.31339395245203
46,17,18,27.259399563841523
46,17,22,12.520728908491156
46,18,21,1.7514193338414725
46,19,20,-123.821374182452
46,20,23,78.88400768754828
46,21,22,12.987251321508971
47,1,2,159.31417608694727
47,1,3,70.18368753449631
47,1,5,102.97091241855595
47,2,4,75.51546778479313
47,2,6,58.96440822215408
47,3,9,18.61444621548978
47,3,24,26.7349412390066
47,4,9,50.681167704793125
47,5,10,78.1366123385559
47,6,10,34.130108142153986
47,7,8,-24.834300079999984
47,8,9,-20.48115368973217
47,8,10,-29.18744647026784
47,9,11,17.040697406006473
47,9,12,6.9394627445445165
47,10,11,34.173104295952115
47,10,12,24.071869634490163
47,11,13,-4.2957973118501185
47,11,14,30.67529893380836
47,12,13,13.508689833037643
47,12,23,-7.331657534002914
47,13,23,-15.621407558812404
47,14,16,5.840998853808472
47,15,16,25.776365129969758
47,15,21,42.88997594903723
47,15,24,-47.50064115900641
47,16,17,56.44722437096224
47,16,19,-49.66416046718479
47,17,18,20.76682296819919
47,17,22,10.846101322763902
47,18,21,-4.067477111800879
47,19,20,-74.49846054718485
47,20,23,47.787365172815406
47,21,22,13.988198757236198
48,1,2,161.0987706734136
48,1,3,75.2174308583699
48,1,5,104.339160918216
48,2,4,77.25219513712734
48,2,6,59.90030838628625
48,3,9,14.025456900940082
48,3,24,37.24570680742986
48,4,9,53.305927987127326
48,5,10,80.39289376821596
48,6,10,35.954041236286166
48,7,8,-23.946267149999986
48,8,9,-18.980794251220885
48,8,10,-28.911740048779134
48,9,11,18.350167041296757
48,9,12,6.05415644555003
48,10,11,37.89246920073497
48,10,12,25.596458604988253
48,11,13,-6.8864166275461605
48,11,14,39.18278571957753
48,12,13,14.786593645209084
48,12,23,-7.08224574467077
48,13,23,-16.046090132336982
48,14,16,15.236518569577637
48,15,16,2.6724671703820038
48,15,21,37.78948733704819
48,15,24,-43.69943965742969
48,16,17,57.99558126295125
48,16,19,-64.0328626729924
48,17,18,22.91746803827086
48,17,22,11.131846074681231
48,18,21,-1.0287991117291502
48,19,20,-87.97912982299245
48,20,23,47.074603027007896
48,21,22,12.814421075318876
